Title,Price,Details
Toggle navigation,N/A,N/A
Toggle navigation,N/A,N/A
,N/A,N/A
Web Scraper,N/A,N/A
Test Sites,$233.99,N/A
Test Sites,N/A,N/A
Test Sites,N/A,N/A
Test Sites,N/A,N/A
Test Sites,N/A,N/A
Home,$233.99,N/A
Home,$233.99,N/A
Home,N/A,N/A
Home,N/A,N/A
Home,N/A,N/A
E-commerce training site,$233.99,N/A
E-commerce training site,N/A,N/A
$233.99,$233.99,N/A
$233.99,$233.99,N/A
$233.99,$233.99,N/A
$233.99,$233.99,N/A
$233.99,$233.99,N/A
1,N/A,N/A
$320.99,$320.99,N/A
$320.99,$320.99,N/A
$320.99,$320.99,N/A
$320.99,$320.99,N/A
7,N/A,N/A
$488.64,$488.64,N/A
$488.64,$488.64,N/A
$488.64,$488.64,N/A
$488.64,$488.64,N/A
4,N/A,N/A
Web Scraper browser extension,N/A,N/A
Web Scraper browser extension,N/A,N/A
Web Scraper browser extension,N/A,N/A
Web Scraper browser extension,N/A,N/A
About us,N/A,N/A
Blog,N/A,N/A
info@webscraper.io,N/A,N/A
